[
    {
        "Category_name": "Accessories",
        "Collection_name": "candleholders & hurricanes",
        "Collection_link": "https://www.crestviewcollection.com/products/accessories/candle-holders-hurricanes"
    },
    {
        "Category_name": "Accessories",
        "Collection_name": "sculptural objects",
        "Collection_link": "https://www.crestviewcollection.com/products/accessories/sculptural-objects"
    },
    {
        "Category_name": "Accessories",
        "Collection_name": "containers",
        "Collection_link": "https://www.crestviewcollection.com/products/accessories/containers"
    },
    {
        "Category_name": "Accessories",
        "Collection_name": "chargers",
        "Collection_link": "https://www.crestviewcollection.com/products/accessories/chargers"
    },
    {
        "Category_name": "Accessories",
        "Collection_name": "trays",
        "Collection_link": "https://www.crestviewcollection.com/products/accessories/trays"
    },
    {
        "Category_name": "Accessories",
        "Collection_name": "clocks",
        "Collection_link": "https://www.crestviewcollection.com/products/accessories/clocks"
    },
    {
        "Category_name": "Accessories",
        "Collection_name": "unique finds",
        "Collection_link": "https://www.crestviewcollection.com/products/accessories/unique-finds"
    },
    {
        "Category_name": "Accessories",
        "Collection_name": "finials",
        "Collection_link": "https://www.crestviewcollection.com/products/accessories/finials"
    },
    {
        "Category_name": "Accessories",
        "Collection_name": "vase",
        "Collection_link": "https://www.crestviewcollection.com/products/accessories/vase"
    },
    {
        "Category_name": "Accessories",
        "Collection_name": "bowl",
        "Collection_link": "https://www.crestviewcollection.com/products/accessories/bowl"
    },
    {
        "Category_name": "Accessories",
        "Collection_name": "urns",
        "Collection_link": "https://www.crestviewcollection.com/products/accessories/urns"
    },
    {
        "Category_name": "Furniture",
        "Collection_name": "tables",
        "Collection_link": "https://www.crestviewcollection.com/products/furniture/tables"
    },
    {
        "Category_name": "Furniture",
        "Collection_name": "seating",
        "Collection_link": "https://www.crestviewcollection.com/products/furniture/seating"
    },
    {
        "Category_name": "Furniture",
        "Collection_name": "chests",
        "Collection_link": "https://www.crestviewcollection.com/products/furniture/chests"
    },
    {
        "Category_name": "Furniture",
        "Collection_name": "desks",
        "Collection_link": "https://www.crestviewcollection.com/products/furniture/desks"
    },
    {
        "Category_name": "Furniture",
        "Collection_name": "cabinets & sideboards",
        "Collection_link": "https://www.crestviewcollection.com/products/furniture/cabinets-sideboards"
    },
    {
        "Category_name": "Furniture",
        "Collection_name": "vanity sinks",
        "Collection_link": "https://www.crestviewcollection.com/products/furniture/vanity-sinks"
    },
    {
        "Category_name": "Furniture",
        "Collection_name": "consoles",
        "Collection_link": "https://www.crestviewcollection.com/products/furniture/consoles"
    },
    {
        "Category_name": "Furniture",
        "Collection_name": "display & storage",
        "Collection_link": "https://www.crestviewcollection.com/products/furniture/display-storage"
    },
    {
        "Category_name": "Furniture",
        "Collection_name": "serving",
        "Collection_link": "https://www.crestviewcollection.com/products/furniture/serving"
    },
    {
        "Category_name": "Lighting",
        "Collection_name": "fixed lighting",
        "Collection_link": "https://www.crestviewcollection.com/products/lighting/fixed-lighting"
    },
    {
        "Category_name": "Lighting",
        "Collection_name": "bulbs",
        "Collection_link": "https://www.crestviewcollection.com/products/lighting/bulbs"
    },
    {
        "Category_name": "Lighting",
        "Collection_name": "table lamps",
        "Collection_link": "https://www.crestviewcollection.com/products/lighting/table-lamps"
    },
    {
        "Category_name": "Lighting",
        "Collection_name": "floor lamps",
        "Collection_link": "https://www.crestviewcollection.com/products/lighting/floor-lamps"
    },
    {
        "Category_name": "Lighting",
        "Collection_name": "buffet lamps",
        "Collection_link": "https://www.crestviewcollection.com/products/lighting/buffet-lamps"
    },
    {
        "Category_name": "Lighting",
        "Collection_name": "wall sconce",
        "Collection_link": "https://www.crestviewcollection.com/products/lighting/wall-sconce"
    },
    {
        "Category_name": "Wall Decor",
        "Collection_name": "wall art",
        "Collection_link": "https://www.crestviewcollection.com/products/wall-decor/wall-art"
    },
    {
        "Category_name": "Wall Decor",
        "Collection_name": "mirrors",
        "Collection_link": "https://www.crestviewcollection.com/products/wall-decor/mirrors"
    },
    {
        "Category_name": "Wall Decor",
        "Collection_name": "clocks",
        "Collection_link": "https://www.crestviewcollection.com/products/wall-decor/clocks"
    },
    {
        "Category_name": "Wall Decor",
        "Collection_name": "wall accessories",
        "Collection_link": "https://www.crestviewcollection.com/products/wall-decor/wall-accessories"
    }
]